{
    "rmse": 0.7178232820600712,
    "mae": 0.5687130968398867,
    "r2": 0.18674976786388364
}